[
  {
    "text": "Jangan sok peduli kalau cuma datang pas butuh.",
    "author": "Nted Mode Sindir"
  },
  {
    "text": "Kamu bukan kehilangan dia, kamu hanya diselamatkan dari orang yang salah.",
    "author": "Nted Mode Galau"
  },
  {
    "text": "Gue yang berjuang, lo yang nyaman. Keren juga ya lo.",
    "author": "Nted Mode Galau"
  },
  {
    "text": "Ngomong setia, padahal doyan singgah.",
    "author": "Nted Mode Sindir"
  },
  {
    "text": "Cintamu nggak tulus, cuma mampir sebentar lalu pergi.",
    "author": "Nted Mode Galau"
  },
  {
    "text": "Jangan bilang aku berubah, kamu aja yang nggak pernah benar-benar kenal aku.",
    "author": "Nted Mode Galau"
  },
  {
    "text": "Jangan sok paling sakit kalau jadi pelakunya.",
    "author": "Nted Mode Sindir"
  },
  {
    "text": "Yang katanya cinta, tapi sibuk cari pelarian.",
    "author": "Nted Mode Galau"
  },
  {
    "text": "Dia cuma takut sendiri, bukan sayang sama kamu.",
    "author": "Nted Mode Galau"
  },
  {
    "text": "Gue sabar, bukan berarti nggak sadar.",
    "author": "Nted Mode Galau"
  },
  {
    "text": "Ngaku sayang, tapi ngechat aja nggak sempat?",
    "author": "Nted Mode Sindir"
  },
  {
    "text": "Lucu ya, kamu baik ke semua orang... kecuali aku.",
    "author": "Nted Mode Galau"
  },
  {
    "text": "Disuruh move on, padahal yang nyakitin masih mondar-mandir di hidup gue.",
    "author": "Nted Mode Galau"
  },
  {
    "text": "Aku nggak butuh yang sempurna, cukup yang nggak pura-pura.",
    "author": "Nted Mode Sindir"
  },
  {
    "text": "Terlalu sabar kadang bikin orang lupa batas.",
    "author": "Nted Mode Galau"
  },
  {
    "text": "Dia lebih milih yang baru, padahal aku yang paling tahu dia.",
    "author": "Nted Mode Galau"
  },
  {
    "text": "Kamu kehilangan aku, bukan sebaliknya.",
    "author": "Nted Mode Sindir"
  },
  {
    "text": "Jangan cari aku kalau yang kamu butuhin cuma pelarian.",
    "author": "Nted Mode Galau"
  },
  {
    "text": "Senyumku bukan berarti aku nggak sakit.",
    "author": "Nted Mode Galau"
  },
  {
    "text": "Jangan balas dendam, cukup diam dan biar Tuhan yang urus.",
    "author": "Nted Mode Galau"
  },
  {
    "text": "Kamu terlalu sibuk ngejaga ego, sampai lupa aku juga punya hati.",
    "author": "Nted Mode Sindir"
  },
  {
    "text": "Ditinggal saat sayang-sayangnya, itu bukan karma, itu pelajaran.",
    "author": "Nted Mode Galau"
  },
  {
    "text": "Aku nggak benci kamu, cuma kecewa sama versi kamu yang sekarang.",
    "author": "Nted Mode Galau"
  },
  {
    "text": "Jangan heran kalau aku berubah, semua ada alasannya.",
    "author": "Nted Mode Sindir"
  },
  {
    "text": "Yang tulus biasanya kalah sama yang manis omongannya.",
    "author": "Nted Mode Galau"
  },
  {
    "text": "Aku capek jadi yang selalu ngertiin, tapi nggak pernah dimengerti.",
    "author": "Nted Mode Galau"
  },
  {
    "text": "Ngomong jangan ngatur-ngatur, kamu bukan siapa-siapa.",
    "author": "Nted Mode Sindir"
  },
  {
    "text": "Disakitin terus tapi masih bertahan, itu bukan cinta, itu bodoh.",
    "author": "Nted Mode Galau"
  },
  {
    "text": "Semua yang datang nggak selamanya niat tinggal.",
    "author": "Nted Mode Galau"
  },
  {
    "text": "Nggak semua senyum berarti bahagia, kadang cuma nutupin luka.",
    "author": "Nted Mode Galau"
  },
  {
    "text": "Gue pergi bukan karena nggak cinta, tapi karena sadar gue nggak dihargai.",
    "author": "Nted Mode Galau"
  },
  {
    "text": "Kamu asik di depan, toxic di belakang.",
    "author": "Nted Mode Sindir"
  },
  {
    "text": "Lo bilang aku berubah? Lo aja yang nyakitin diam-diam.",
    "author": "Nted Mode Galau"
  },
  {
    "text": "Hidup mengajarkan: jangan terlalu berharap sama manusia.",
    "author": "Nted Mode Galau"
  },
  {
    "text": "Mungkin aku terlalu baik untuk orang yang salah.",
    "author": "Nted Mode Galau"
  }
]